[{"booksId":"23","bookTitle":"abcd","bookAuthor":"xyz"},{"booksId":"45","bookTitle":"asdf","bookAuthor":"zccv"},{"booksId":"1234","bookTitle":"we","bookAuthor":"qwe"},{"booksId":"234","bookTitle":"wert","bookAuthor":"rtyui"},{"booksId":"1001","bookTitle":"Math 1","bookAuthor":"Arayabatta"},{"booksId":"1001","bookTitle":"Math 1","bookAuthor":"Arayabatta"},{"booksId":"1001","bookTitle":"Math 1","bookAuthor":"Arayabatta"},{"booksId":"1","bookTitle":"c++ ","bookAuthor":"manasa"},{"booksId":"1","bookTitle":"c++","bookAuthor":"manasa"},{"booksId":"23","bookTitle":"dccn","bookAuthor":"harshitha"},{"booksId":"23","bookTitle":"dccn","bookAuthor":"harshitha"},{"booksId":"23","bookTitle":"dccn","bookAuthor":"harshitha"},{"booksId":"23","bookTitle":"dccn","bookAuthor":"harshitha"},{"booksId":"23","bookTitle":"dccn","bookAuthor":"harshitha"},{"booksId":"23","bookTitle":"dccn","bookAuthor":"harshitha"},{"booksId":"23","bookTitle":"dccn","bookAuthor":"harshitha"},{"booksId":"23","bookTitle":"dccn","bookAuthor":"harshitha"},{"booksId":"23","bookTitle":"dccn","bookAuthor":"harshitha"}]